<?xml version="1.0" encoding="UTF-8"?>
<metadata xml:lang="es"><Esri><CreaDate>20200514</CreaDate><CreaTime>15164200</CreaTime><ArcGISFormat>1.0</ArcGISFormat><SyncOnce>FALSE</SyncOnce><DataProperties><lineage><Process ToolSource="c:\program files (x86)\arcgis\desktop10.3\ArcToolbox\Toolboxes\Data Management Tools.tbx\CalculateField" Date="20190723" Time="115439" Name="" export="">CalculateField COPIA_JUNIO19_ESTRENAR PRECIO [PRECIOARS] VB #</Process><Process ToolSource="c:\program files (x86)\arcgis\desktop10.3\ArcToolbox\Toolboxes\Data Management Tools.tbx\CalculateField" Date="20190723" Time="115539" Name="" export="">CalculateField COPIA_JUNIO19_ESTRENAR PRECIOARS [PRECIO] VB #</Process><Process ToolSource="c:\program files (x86)\arcgis\desktop10.3\ArcToolbox\Toolboxes\Data Management Tools.tbx\CalculateField" Date="20190731" Time="102558" Name="" export="">CalculateField DEPTOS_VTA_ESTRENAR_ENE_JUN2019 ZONA_1 [Zona] VB #</Process><Process ToolSource="c:\program files (x86)\arcgis\desktop10.3\ArcToolbox\Toolboxes\Data Management Tools.tbx\CalculateField" Date="20190731" Time="102836" Name="" export="">CalculateField DEPTOS_VTA_ESTRENAR_ENE_JUN2019 PRECIO_ARS [PRECIOARS] VB #</Process><Process ToolSource="c:\program files (x86)\arcgis\desktop10.3\ArcToolbox\Toolboxes\Data Management Tools.tbx\CalculateField" Date="20190731" Time="102927" Name="" export="">CalculateField DEPTOS_VTA_ESTRENAR_ENE_JUN2019 PRECIOARS [PRECIO_ARS] VB #</Process><Process ToolSource="c:\program files (x86)\arcgis\desktop10.3\ArcToolbox\Toolboxes\Data Management Tools.tbx\CalculateField" Date="20190731" Time="113310" Name="" export="">CalculateField DEPTOS_VTA_ENE_JUN_19 MES "ENERO" VB #</Process><Process ToolSource="c:\program files (x86)\arcgis\desktop10.3\ArcToolbox\Toolboxes\Data Management Tools.tbx\CalculateField" Date="20190731" Time="113406" Name="" export="">CalculateField DEPTOS_VTA_ENE_JUN_19 MES "FEBRERO" VB #</Process><Process ToolSource="c:\program files (x86)\arcgis\desktop10.3\ArcToolbox\Toolboxes\Data Management Tools.tbx\CalculateField" Date="20190731" Time="113433" Name="" export="">CalculateField DEPTOS_VTA_ENE_JUN_19 MES "MARZO" VB #</Process><Process ToolSource="c:\program files (x86)\arcgis\desktop10.3\ArcToolbox\Toolboxes\Data Management Tools.tbx\CalculateField" Date="20190731" Time="113545" Name="" export="">CalculateField DEPTOS_VTA_ENE_JUN_19 MES "ABRIL" VB #</Process><Process ToolSource="c:\program files (x86)\arcgis\desktop10.3\ArcToolbox\Toolboxes\Data Management Tools.tbx\CalculateField" Date="20190731" Time="113722" Name="" export="">CalculateField DEPTOS_VTA_ENE_JUN_19 MES "MAYO" VB #</Process><Process ToolSource="c:\program files (x86)\arcgis\desktop10.3\ArcToolbox\Toolboxes\Data Management Tools.tbx\CalculateField" Date="20190731" Time="113827" Name="" export="">CalculateField DEPTOS_VTA_ENE_JUN_19 MES "JUNIO" VB #</Process><Process ToolSource="c:\program files (x86)\arcgis\desktop10.3\ArcToolbox\Toolboxes\Data Management Tools.tbx\CalculateField" Date="20200120" Time="123934" Name="" export="">CalculateField Deptos_Vta_Anual_2019 CAMBIO "38,40" VB #</Process><Process ToolSource="c:\program files (x86)\arcgis\desktop10.3\ArcToolbox\Toolboxes\Data Management Tools.tbx\CalculateField" Date="20200120" Time="124051" Name="" export="">CalculateField Deptos_Vta_Anual_2019 CAMBIO "41,40" VB #</Process><Process ToolSource="c:\program files (x86)\arcgis\desktop10.3\ArcToolbox\Toolboxes\Data Management Tools.tbx\CalculateField" Date="20200120" Time="124240" Name="" export="">CalculateField Deptos_Vta_Anual_2019 CAMBIO "45,00" VB #</Process><Process ToolSource="c:\program files (x86)\arcgis\desktop10.3\ArcToolbox\Toolboxes\Data Management Tools.tbx\CalculateField" Date="20200120" Time="124417" Name="" export="">CalculateField Deptos_Vta_Anual_2019 CAMBIO "43,74" VB #</Process><Process ToolSource="c:\program files (x86)\arcgis\desktop10.3\ArcToolbox\Toolboxes\Data Management Tools.tbx\CalculateField" Date="20200120" Time="143841" Name="" export="">CalculateField Deptos_Vta_Anual_2019 PRECIOSUSD [PRECIOUSDM] VB #</Process><Process ToolSource="c:\program files (x86)\arcgis\desktop10.3\ArcToolbox\Toolboxes\Data Management Tools.tbx\CalculateField" Date="20200120" Time="144308" Name="" export="">CalculateField Deptos_Vta_Anual_2019 PRECIOUSDM [PRECIOSUSD] VB #</Process><Process ToolSource="c:\program files (x86)\arcgis\desktop10.3\ArcToolbox\Toolboxes\Data Management Tools.tbx\CalculateField" Date="20200120" Time="144645" Name="" export="">CalculateField Deptos_Vta_Anual_2019 PRECIOSARS [PRECIOARSM] VB #</Process><Process ToolSource="c:\program files (x86)\arcgis\desktop10.3\ArcToolbox\Toolboxes\Data Management Tools.tbx\CalculateField" Date="20200120" Time="144954" Name="" export="">CalculateField Deptos_Vta_Anual_2019 PRECIOARSM [PRECIOSARS] VB #</Process><Process ToolSource="c:\program files (x86)\arcgis\desktop10.3\ArcToolbox\Toolboxes\Data Management Tools.tbx\CalculateField" Date="20200120" Time="145352" Name="" export="">CalculateField Deptos_Vta_Anual_2019 PUBLICADO_ [PUBLICADO] VB #</Process><Process ToolSource="c:\program files (x86)\arcgis\desktop10.3\ArcToolbox\Toolboxes\Data Management Tools.tbx\CalculateField" Date="20200120" Time="145736" Name="" export="">CalculateField Deptos_Vta_Anual_2019 PROCESADO_ [PROCESADO] VB #</Process><Process ToolSource="c:\program files (x86)\arcgis\desktop10.3\ArcToolbox\Toolboxes\Data Management Tools.tbx\CalculateField" Date="20200120" Time="150044" Name="" export="">CalculateField Deptos_Vta_Anual_2019 FOT_ [FOT] VB #</Process><Process ToolSource="c:\program files (x86)\arcgis\desktop10.3\ArcToolbox\Toolboxes\Data Management Tools.tbx\CalculateField" Date="20200120" Time="150455" Name="" export="">CalculateField Deptos_Vta_Anual_2019 FOT_TXT_1 [FOT_TXT] VB #</Process><Process ToolSource="c:\program files (x86)\arcgis\desktop10.3\ArcToolbox\Toolboxes\Data Management Tools.tbx\CalculateField" Date="20200120" Time="150847" Name="" export="">CalculateField Deptos_Vta_Anual_2019 URL_1 [URL] VB #</Process><Process ToolSource="c:\program files (x86)\arcgis\desktop10.3\ArcToolbox\Toolboxes\Data Management Tools.tbx\CalculateField" Date="20200120" Time="151354" Name="" export="">CalculateField Deptos_Vta_Anual_2019 REV [REVISION] VB #</Process><Process ToolSource="c:\program files (x86)\arcgis\desktop10.3\ArcToolbox\Toolboxes\Data Management Tools.tbx\CalculateField" Date="20200120" Time="151512" Name="" export="">CalculateField Deptos_Vta_Anual_2019 NOT_ [NOTA] VB #</Process><Process ToolSource="c:\program files (x86)\arcgis\desktop10.3\ArcToolbox\Toolboxes\Data Management Tools.tbx\CalculateField" Date="20200120" Time="151837" Name="" export="">CalculateField Deptos_Vta_Anual_2019 SHAPE_LE_1 "[Shape_Leng] " VB #</Process><Process ToolSource="c:\program files (x86)\arcgis\desktop10.3\ArcToolbox\Toolboxes\Data Management Tools.tbx\CalculateField" Date="20200120" Time="152122" Name="" export="">CalculateField Deptos_Vta_Anual_2019 BARRIOS_1 [BARRIOS] VB #</Process><Process ToolSource="c:\program files (x86)\arcgis\desktop10.3\ArcToolbox\Toolboxes\Data Management Tools.tbx\CalculateField" Date="20200120" Time="152353" Name="" export="">CalculateField Deptos_Vta_Anual_2019 COMUNAS [COMUNA] VB #</Process><Process ToolSource="c:\program files (x86)\arcgis\desktop10.3\ArcToolbox\Toolboxes\Data Management Tools.tbx\CalculateField" Date="20200120" Time="152626" Name="" export="">CalculateField Deptos_Vta_Anual_2019 ZONAS [ZONA_1] VB #</Process><Process ToolSource="c:\program files (x86)\arcgis\desktop10.3\ArcToolbox\Toolboxes\Data Management Tools.tbx\CalculateField" Date="20200120" Time="153056" Name="" export="">CalculateField Deptos_Vta_Anual_2019 ALICUOTAS [ALICUOTA] VB #</Process><Process ToolSource="c:\program files (x86)\arcgis\desktop10.3\ArcToolbox\Toolboxes\Data Management Tools.tbx\CalculateField" Date="20200120" Time="153342" Name="" export="">CalculateField Deptos_Vta_Anual_2019 MES_ [MES] VB #</Process><Process ToolSource="c:\program files (x86)\arcgis\desktop10.3\ArcToolbox\Toolboxes\Data Management Tools.tbx\CalculateField" Date="20200203" Time="160716" Name="" export="">CalculateField Deptos_Vta_Anual_2019 URL [URL_1] VB #</Process><Process ToolSource="c:\program files (x86)\arcgis\desktop10.3\ArcToolbox\Toolboxes\Data Management Tools.tbx\CalculateField" Date="20200203" Time="160948" Name="" export="">CalculateField Deptos_Vta_Anual_2019 URL [URL_1] VB #</Process><Process ToolSource="c:\program files (x86)\arcgis\desktop10.3\ArcToolbox\Toolboxes\Data Management Tools.tbx\CalculateField" Date="20200203" Time="161438" Name="" export="">CalculateField Deptos_Vta_Anual_2019 URL [URL_1] VB #</Process><Process ToolSource="c:\program files (x86)\arcgis\desktop10.3\ArcToolbox\Toolboxes\Data Management Tools.tbx\CalculateField" Date="20200203" Time="161730" Name="" export="">CalculateField Deptos_Vta_Anual_2019 FOT_TXT [FOT_TXT_1] VB #</Process><Process ToolSource="c:\program files (x86)\arcgis\desktop10.3\ArcToolbox\Toolboxes\Data Management Tools.tbx\CalculateField" Date="20200203" Time="162034" Name="" export="">CalculateField Deptos_Vta_Anual_2019 SHAPE_LENG [SHAPE_LE_1] VB #</Process><Process ToolSource="c:\program files (x86)\arcgis\desktop10.3\ArcToolbox\Toolboxes\Data Management Tools.tbx\CalculateField" Date="20200203" Time="163557" Name="" export="">CalculateField Deptos_Vta_Anual_2019 PUBLICADO [PUBLICADO_] VB #</Process><Process ToolSource="c:\program files (x86)\arcgis\desktop10.3\ArcToolbox\Toolboxes\Data Management Tools.tbx\CalculateField" Date="20200203" Time="163630" Name="" export="">CalculateField Deptos_Vta_Anual_2019 PROCESADO [PROCESADO_] VB #</Process><Process ToolSource="c:\program files (x86)\arcgis\desktop10.3\ArcToolbox\Toolboxes\Data Management Tools.tbx\CalculateField" Date="20200203" Time="164000" Name="" export="">CalculateField Deptos_Vta_Anual_2019 FOT [FOT_] VB #</Process><Process ToolSource="c:\program files (x86)\arcgis\desktop10.3\ArcToolbox\Toolboxes\Data Management Tools.tbx\CalculateField" Date="20200203" Time="164328" Name="" export="">CalculateField Deptos_Vta_Anual_2019 MES [MES_] VB #</Process></lineage><itemProps><itemName Sync="TRUE">Deptos_Vta_Anual_2019_VFnal</itemName><imsContentType Sync="TRUE" export="False">002</imsContentType><itemLocation><linkage Sync="TRUE">file://\\LAPTOP-SBU7Q7N3\C$\Users\Tripoli\Desktop\Cuarentena\Pedidos puntuales\DataBA\Deptos_Vta_Anual_2019_VFnal.shp</linkage><protocol Sync="TRUE">Local Area Network</protocol></itemLocation><nativeExtBox><westBL Sync="TRUE">93832.286700</westBL><eastBL Sync="TRUE">109758.351300</eastBL><southBL Sync="TRUE">92905.037900</southBL><northBL Sync="TRUE">110356.798600</northBL><exTypeCode Sync="TRUE">1</exTypeCode></nativeExtBox><itemSize Sync="TRUE">2.367</itemSize></itemProps><coordRef><type Sync="TRUE">Projected</type><geogcsn Sync="TRUE">GCS_Campo_Inchauspe</geogcsn><csUnits Sync="TRUE">Linear Unit: Meter (1.000000)</csUnits><projcsn Sync="TRUE">Argentina_GKBsAs</projcsn><peXml Sync="TRUE">&lt;ProjectedCoordinateSystem xsi:type='typens:ProjectedCoordinateSystem' xmlns:xsi='http://www.w3.org/2001/XMLSchema-instance' xmlns:xs='http://www.w3.org/2001/XMLSchema' xmlns:typens='http://www.esri.com/schemas/ArcGIS/10.3'&gt;&lt;WKT&gt;PROJCS[&amp;quot;Argentina_GKBsAs&amp;quot;,GEOGCS[&amp;quot;GCS_Campo_Inchauspe&amp;quot;,DATUM[&amp;quot;D_Campo_Inchauspe&amp;quot;,SPHEROID[&amp;quot;International_1924&amp;quot;,6378388.0,297.0]],PRIMEM[&amp;quot;Greenwich&amp;quot;,0.0],UNIT[&amp;quot;Degree&amp;quot;,0.0174532925199433]],PROJECTION[&amp;quot;Transverse_Mercator&amp;quot;],PARAMETER[&amp;quot;False_Easting&amp;quot;,100000.0],PARAMETER[&amp;quot;False_Northing&amp;quot;,100000.0],PARAMETER[&amp;quot;Central_Meridian&amp;quot;,-58.4627],PARAMETER[&amp;quot;Scale_Factor&amp;quot;,0.999998],PARAMETER[&amp;quot;Latitude_Of_Origin&amp;quot;,-34.6297166],UNIT[&amp;quot;Meter&amp;quot;,1.0]]&lt;/WKT&gt;&lt;XOrigin&gt;-5523400&lt;/XOrigin&gt;&lt;YOrigin&gt;-6068900&lt;/YOrigin&gt;&lt;XYScale&gt;450249651.57241428&lt;/XYScale&gt;&lt;ZOrigin&gt;-100000&lt;/ZOrigin&gt;&lt;ZScale&gt;10000&lt;/ZScale&gt;&lt;MOrigin&gt;-100000&lt;/MOrigin&gt;&lt;MScale&gt;10000&lt;/MScale&gt;&lt;XYTolerance&gt;0.001&lt;/XYTolerance&gt;&lt;ZTolerance&gt;0.001&lt;/ZTolerance&gt;&lt;MTolerance&gt;0.001&lt;/MTolerance&gt;&lt;HighPrecision&gt;true&lt;/HighPrecision&gt;&lt;/ProjectedCoordinateSystem&gt;</peXml></coordRef></DataProperties><SyncDate>20200514</SyncDate><SyncTime>10581500</SyncTime><ModDate>20200514</ModDate><ModTime>10581500</ModTime><scaleRange><minScale>150000000</minScale><maxScale>5000</maxScale></scaleRange><ArcGISProfile>NAP</ArcGISProfile><ArcGISstyle>ISO 19139 Metadata Implementation Specification</ArcGISstyle></Esri><dataIdInfo><envirDesc Sync="TRUE"> Version 6.2 (Build 9200) ; Esri ArcGIS 10.3.0.4322</envirDesc><dataLang><languageCode value="eng" Sync="TRUE"/><countryCode value="GBR" Sync="TRUE"/></dataLang><idCitation xmlns=""><resTitle Sync="TRUE">Deptos_Vta_Anual_2019_VFnal</resTitle><presForm xmlns=""><PresFormCd value="005" Sync="TRUE"/></presForm><date><pubDate>2020-05-13T00:00:00</pubDate></date><citRespParty xmlns=""><rpIndName>Javier Irigaray</rpIndName><rpOrgName>Direccion de Antropologia Urbana</rpOrgName><rpPosName>Director de la Direccion de Antropologia Urbana</rpPosName><role><RoleCd value="007"/></role><rpCntInfo xmlns=""><cntAddress addressType="physical"><delPoint>Av. Martin García 346, 4° piso</delPoint><city>CABA</city><postCode>1154</postCode><eMailAdd>ijirigaray@gmail.com</eMailAdd><country>AR</country></cntAddress><cntPhone><voiceNum tddtty="">50309700 (Int.: 4350)</voiceNum></cntPhone></rpCntInfo></citRespParty></idCitation><spatRpType><SpatRepTypCd value="001" Sync="TRUE"/></spatRpType><dataExt><geoEle xmlns=""><GeoBndBox esriExtentType="search"><exTypeCode Sync="TRUE">1</exTypeCode><westBL Sync="TRUE">-58.530010</westBL><eastBL Sync="TRUE">-58.356204</eastBL><northBL Sync="TRUE">-34.536312</northBL><southBL Sync="TRUE">-34.693672</southBL></GeoBndBox></geoEle></dataExt><idAbs>&lt;DIV STYLE="text-align:Left;"&gt;&lt;DIV&gt;&lt;DIV&gt;&lt;P&gt;&lt;SPAN&gt;En el presente shape se encuentran las ofertas de departamentos en venta en el año 2019 dentro de la Ciudad Autónoma de Buenos Aires. Las mismas se encuentran ubicadas por la latitud y longitud. En la tabla, se puede observar la antigüedad, los m2 totales, m2 cubiertos, el precio en dolares, el precio en pesos, el valor del m2 en dolares y en pesos, cantidad de ambientes, baños, dirección con altura, el barrio y la comuna donde se ubica la oferta.&lt;/SPAN&gt;&lt;/P&gt;&lt;/DIV&gt;&lt;/DIV&gt;&lt;/DIV&gt;</idAbs><dataChar><CharSetCd value="004"/></dataChar><searchKeys><keyword>Departamentos - Oferta de venta - 2019 - Ciudad Autónoma de Buenos Aires</keyword></searchKeys><tpCat><TopicCatCd value="013"/></tpCat><tpCat><TopicCatCd value="015"/></tpCat><tpCat><TopicCatCd value="017"/></tpCat></dataIdInfo><mdLang><languageCode value="eng" Sync="TRUE"/><countryCode value="GBR" Sync="TRUE"/></mdLang><distInfo xmlns=""><distFormat xmlns=""><formatName Sync="TRUE">Shapefile</formatName><formatVer>NIL REASON MISSING</formatVer></distFormat><distTranOps xmlns=""><transSize Sync="TRUE">2.367</transSize></distTranOps></distInfo><mdHrLv><ScopeCd value="005" Sync="TRUE"/></mdHrLv><mdHrLvName Sync="TRUE">dataset</mdHrLvName><refSysInfo><RefSystem><refSysID><identCode code="0" Sync="TRUE"/></refSysID></RefSystem></refSysInfo><spatRepInfo><VectSpatRep><geometObjs Name="Deptos_Vta_Anual_2019_VFnal"><geoObjTyp><GeoObjTypCd value="004" Sync="TRUE"></GeoObjTypCd></geoObjTyp><geoObjCnt Sync="TRUE">88640</geoObjCnt></geometObjs><topLvl><TopoLevCd value="001" Sync="TRUE"></TopoLevCd></topLvl></VectSpatRep></spatRepInfo><spdoinfo><ptvctinf><esriterm Name="Deptos_Vta_Anual_2019_VFnal"><efeatyp Sync="TRUE">Simple</efeatyp><efeageom code="1" Sync="TRUE"></efeageom><esritopo Sync="TRUE">FALSE</esritopo><efeacnt Sync="TRUE">88640</efeacnt><spindex Sync="TRUE">TRUE</spindex><linrefer Sync="TRUE">FALSE</linrefer></esriterm></ptvctinf></spdoinfo><eainfo><detailed Name="Deptos_Vta_Anual_2019_VFnal" xmlns=""><enttyp><enttypl Sync="TRUE">Deptos_Vta_Anual_2019_VFnal</enttypl><enttypt Sync="TRUE">Feature Class</enttypt><enttypc Sync="TRUE">88640</enttypc></enttyp><attr xmlns=""><attrlabl Sync="TRUE">FID</attrlabl><attalias Sync="TRUE">FID</attalias><attrtype Sync="TRUE">OID</attrtype><attwidth Sync="TRUE">4</attwidth><atprecis Sync="TRUE">0</atprecis><attscale Sync="TRUE">0</attscale><attrdef Sync="FALSE">Número de identificación del registro.</attrdef><attrdefs Sync="TRUE">Esri</attrdefs><attrdomv><udom Sync="TRUE">Sequential unique whole numbers that are automatically generated.</udom></attrdomv></attr><attr xmlns=""><attrlabl Sync="TRUE">Shape</attrlabl><attalias Sync="TRUE">Shape</attalias><attrtype Sync="TRUE">Geometry</attrtype><attwidth Sync="TRUE">0</attwidth><atprecis Sync="TRUE">0</atprecis><attscale Sync="TRUE">0</attscale><attrdef Sync="FALSE">Datos representados a través de puntos.</attrdef><attrdefs Sync="TRUE">Esri</attrdefs><attrdomv><udom Sync="TRUE">Coordinates defining the features.</udom></attrdomv></attr><attr xmlns=""><attrlabl Sync="TRUE">OPERACION</attrlabl><attalias Sync="TRUE">OPERACION</attalias><attrtype Sync="TRUE">String</attrtype><attwidth Sync="TRUE">254</attwidth><atprecis Sync="TRUE">0</atprecis><attscale Sync="TRUE">0</attscale><attrdef>Refiere al tipo de operación. En este caso venta (o alquiler).</attrdef><attrdefs>DGAU</attrdefs></attr><attr xmlns=""><attrlabl Sync="TRUE">TIPO</attrlabl><attalias Sync="TRUE">TIPO</attalias><attrtype Sync="TRUE">String</attrtype><attwidth Sync="TRUE">254</attwidth><atprecis Sync="TRUE">0</atprecis><attscale Sync="TRUE">0</attscale><attrdef>Se refiere al tipo de propiedad que se encuentra en el mercado. En este caso departamentos.</attrdef><attrdefs>DGAU</attrdefs></attr><attr xmlns=""><attrlabl Sync="TRUE">ANTIG</attrlabl><attalias Sync="TRUE">ANTIG</attalias><attrtype Sync="TRUE">Double</attrtype><attwidth Sync="TRUE">19</attwidth><atprecis Sync="TRUE">0</atprecis><attscale Sync="TRUE">0</attscale><attrdef>Indica antigüedad del departamento y los que son a estrenar.</attrdef><attrdefs>DGAU</attrdefs></attr><attr xmlns=""><attrlabl Sync="TRUE">AGE</attrlabl><attalias Sync="TRUE">AGE</attalias><attrtype Sync="TRUE">String</attrtype><attwidth Sync="TRUE">254</attwidth><atprecis Sync="TRUE">0</atprecis><attscale Sync="TRUE">0</attscale></attr><attr xmlns=""><attrlabl Sync="TRUE">LATITUD</attrlabl><attalias Sync="TRUE">LATITUD</attalias><attrtype Sync="TRUE">Double</attrtype><attwidth Sync="TRUE">19</attwidth><atprecis Sync="TRUE">0</atprecis><attscale Sync="TRUE">0</attscale><attrdef>Sistema de coordenadas.</attrdef><attrdefs>DGAU</attrdefs></attr><attr xmlns=""><attrlabl Sync="TRUE">LONGITUD</attrlabl><attalias Sync="TRUE">LONGITUD</attalias><attrtype Sync="TRUE">Double</attrtype><attwidth Sync="TRUE">19</attwidth><atprecis Sync="TRUE">0</atprecis><attscale Sync="TRUE">0</attscale><attrdef>Sistema de coordenadas.</attrdef><attrdefs>DGAU</attrdefs></attr><attr xmlns=""><attrlabl Sync="TRUE">M2TOTAL</attrlabl><attalias Sync="TRUE">M2TOTAL</attalias><attrtype Sync="TRUE">Double</attrtype><attwidth Sync="TRUE">19</attwidth><atprecis Sync="TRUE">0</atprecis><attscale Sync="TRUE">0</attscale><attrdef>Superficie de M2 totales que presenta la parcela.</attrdef><attrdefs>DGAU</attrdefs></attr><attr xmlns=""><attrlabl Sync="TRUE">M2CUB</attrlabl><attalias Sync="TRUE">M2CUB</attalias><attrtype Sync="TRUE">Double</attrtype><attwidth Sync="TRUE">19</attwidth><atprecis Sync="TRUE">0</atprecis><attscale Sync="TRUE">0</attscale><attrdef>Superficie de M2 cubiertos que presenta el departamento.</attrdef><attrdefs>DGAU</attrdefs></attr><attr xmlns=""><attrlabl Sync="TRUE">AMBIENTES</attrlabl><attalias Sync="TRUE">AMBIENTES</attalias><attrtype Sync="TRUE">Double</attrtype><attwidth Sync="TRUE">19</attwidth><atprecis Sync="TRUE">0</atprecis><attscale Sync="TRUE">0</attscale><attrdef>Indica la cantidad de ambientes que tiene el departamento.</attrdef><attrdefs>DGAU</attrdefs></attr><attr xmlns=""><attrlabl Sync="TRUE">BANOS</attrlabl><attalias Sync="TRUE">BANOS</attalias><attrtype Sync="TRUE">Double</attrtype><attwidth Sync="TRUE">19</attwidth><atprecis Sync="TRUE">0</atprecis><attscale Sync="TRUE">0</attscale><attrdef>Indica la cantidad de baños que tiene el departamento.</attrdef><attrdefs>DGAU</attrdefs></attr><attr xmlns=""><attrlabl Sync="TRUE">DIRECCION</attrlabl><attalias Sync="TRUE">DIRECCION</attalias><attrtype Sync="TRUE">String</attrtype><attwidth Sync="TRUE">254</attwidth><atprecis Sync="TRUE">0</atprecis><attscale Sync="TRUE">0</attscale><attrdef>Dirección del registro que figura en el expediente.</attrdef><attrdefs>DGAU</attrdefs></attr><attr xmlns=""><attrlabl Sync="TRUE">LOCATION</attrlabl><attalias Sync="TRUE">LOCATION</attalias><attrtype Sync="TRUE">String</attrtype><attwidth Sync="TRUE">254</attwidth><atprecis Sync="TRUE">0</atprecis><attscale Sync="TRUE">0</attscale></attr><attr xmlns=""><attrlabl Sync="TRUE">CAMBIO</attrlabl><attalias Sync="TRUE">CAMBIO</attalias><attrtype Sync="TRUE">String</attrtype><attwidth Sync="TRUE">254</attwidth><atprecis Sync="TRUE">0</atprecis><attscale Sync="TRUE">0</attscale><attrdef>Refiere al tipo de cotización del dólar al momento de la recopilación de los
datos.</attrdef><attrdefs>DGAU</attrdefs></attr><attr xmlns=""><attrlabl Sync="TRUE">PRECIOUSD</attrlabl><attalias Sync="TRUE">PRECIOUSD</attalias><attrtype Sync="TRUE">Double</attrtype><attwidth Sync="TRUE">19</attwidth><atprecis Sync="TRUE">0</atprecis><attscale Sync="TRUE">0</attscale><attrdef>Indica el precio total del terreno en dólares.</attrdef><attrdefs>DGAU</attrdefs></attr><attr xmlns=""><attrlabl Sync="TRUE">PRECIOUSDM</attrlabl><attalias Sync="TRUE">PRECIOUSDM</attalias><attrtype Sync="TRUE">SmallInteger</attrtype><attwidth Sync="TRUE">5</attwidth><atprecis Sync="TRUE">5</atprecis><attscale Sync="TRUE">0</attscale><attrdef>Indica el precio del M² en dólares.</attrdef><attrdefs>DGAU</attrdefs></attr><attr xmlns=""><attrlabl Sync="TRUE">PRECIOARSM</attrlabl><attalias Sync="TRUE">PRECIOARSM</attalias><attrtype Sync="TRUE">Double</attrtype><attwidth Sync="TRUE">19</attwidth><atprecis Sync="TRUE">0</atprecis><attscale Sync="TRUE">0</attscale><attrdef>Indica el precio del M² en pesos argentinos.</attrdef><attrdefs>DGAU</attrdefs></attr><attr xmlns=""><attrlabl Sync="TRUE">BARRIOS_1</attrlabl><attalias Sync="TRUE">BARRIOS_1</attalias><attrtype Sync="TRUE">String</attrtype><attwidth Sync="TRUE">50</attwidth><atprecis Sync="TRUE">0</atprecis><attscale Sync="TRUE">0</attscale><attrdef>Corresponde al barrio donde se localiza el terreno.</attrdef><attrdefs>DGAU</attrdefs></attr><attr xmlns=""><attrlabl Sync="TRUE">COMUNAS</attrlabl><attalias Sync="TRUE">COMUNAS</attalias><attrtype Sync="TRUE">SmallInteger</attrtype><attwidth Sync="TRUE">5</attwidth><atprecis Sync="TRUE">5</atprecis><attscale Sync="TRUE">0</attscale><attrdef>Se refiere a la comuna donde se localiza el terreno en venta.</attrdef><attrdefs>DGAU</attrdefs></attr><attr xmlns=""><attrlabl Sync="TRUE">MES</attrlabl><attalias Sync="TRUE">MES</attalias><attrtype Sync="TRUE">String</attrtype><attwidth Sync="TRUE">50</attwidth><atprecis Sync="TRUE">0</atprecis><attscale Sync="TRUE">0</attscale></attr><attr xmlns=""><attrlabl Sync="TRUE">PRECIOARS</attrlabl><attalias Sync="TRUE">PRECIOARS</attalias><attrtype Sync="TRUE">Double</attrtype><attwidth Sync="TRUE">19</attwidth><atprecis Sync="TRUE">0</atprecis><attscale Sync="TRUE">0</attscale><attrdef>Indica el precio total del terreno en pesos argentinos.</attrdef><attrdefs>DGAU</attrdefs></attr></detailed></eainfo><mdDateSt Sync="TRUE">20200514</mdDateSt><mdChar><CharSetCd value="004" Sync="TRUE"/></mdChar><mdFileID>541C9848-06C8-4E01-AFCD-219AED06214F</mdFileID><mdContact xmlns=""><rpIndName>Nahuel Javier Llido</rpIndName><rpOrgName>Direccion General de Antropologia Urbana</rpOrgName><rpPosName>Analista</rpPosName><role><RoleCd value="006"/></role><rpCntInfo xmlns=""><cntAddress addressType="physical"><delPoint>Av. Martin García 346, 4° piso</delPoint><city>CABA</city><postCode>1154</postCode><eMailAdd>nlido@buenosaires.gob.ar</eMailAdd><country>AR</country></cntAddress><cntPhone><voiceNum tddtty="">50309700 (Int.: 4350)</voiceNum></cntPhone></rpCntInfo></mdContact><mdConst><LegConsts xmlns=""><accessConsts><RestrictCd value="002"/></accessConsts></LegConsts></mdConst><dqInfo><dataLineage><statement>El presente shape se creó a partir de un relevamiento de departamentos en
venta en la Ciudad Autónoma de Buenos Aires, y corresponden a todo el 2019.
Los datos de las ofertas sacadas de la página Zonaprop de inmuebles, se pasan
a un Excel donde están los datos más relevantes a completar. Las columnas de
la tabla de Excel más importantes son: m2 del departamento, cubiertos y
totales, cantidad de ambientes, cantidad de baños, antigüedad del inmueble, el
precio en dólares, precio en pesos, valor del m2 en dolares y pesos, barrio, comuna, calle y número.
Dentro de las ofertas de la página, podemos obtener fácilmente los datos a
conseguir, en el caso de los m2 cubiertos y totales, la misma oferta lo da por
separado.
La georreferenciación se llevará a cabo mediante la columna llamada latitud y longitud del departamento en oferta.</statement></dataLineage></dqInfo></metadata>
